{
  "showIndex": true,
  "padding": 4.928415280963303,
  "activeWidth": 48.53667932912844
}
